first_node,second_node,direction,interface
98821ss,76hxv0,both,Gm
98821ss,76hxv0,both,Gm
CWWCsdu,AIMmm,both,1
YZIoYkXbvPwRWxBzfWZ,sRnxVkdJY,both,H
RsLNNi,XpKjqffaYYWMsZfo,both,Q
zijKapc,qxuxrKUvsKU,both,5
rOAwXvgvGNyudAglsC,kiUsifDShiDvnQbrCD,both,I
oirntAmjBcCpxR,IzJptHnoUKgaIlymYUt,both,z
iqYfKuTz,zmPQQeiYavGb,both,Q
jWwCBPvRSP,ayzUqgezSpQXEWu,both,h
maaHihpT,YHoyP,both,k
XYDYKnZRfPJMdszwEa,vOdWZrCkgeViKcXvWDA,both,I
anwkyB,clGcazhYgrNyGzrwqhIi,both,8
RTipfPUfDLiks,wtZtDGGNnvWMvsZYG,both,P
uoDpvz,lzAhiQfl,both,7
rFjGRwdYZWBcRy,QHFCcqtC,both,J
PiMtzuqwmrxaMelsnlOt,JHOqNnHgsKuKBBgZ,both,o
fAaEO,uQpsHsAEGLdZsTvBxrI,both,U
aZuDpWfRfLencRfqRY,kRmaRyVnZNRYnsu,both,#
BVodxPLVlmPmRcUoBg,pgoeyTEPXczCMldBCTn,both,T
ynmdBkREDvrv,MIZQFloNtCAvSpVm,both,C
SCytCpJNUtpzPjzhybu,jmhrYsTbBqkVhUt,both,v
lUUziGaS,VSISWLeOWSDHYQOl,both,w
XekUT,BbqsyuSIxUga,both,7
McappXplPrtJyH,DMRRRKTTJMLgOUGNrx,both,o
QyIPnnVkCA,cLoMrDZEsLhnKdMEji,both,T
lTFZAQ,xWKbNAYjUdWq,both,(
vKnSePtRBOpYxc,DqVmhi,both,l
auDaJsjkvWB,jxKIoURljWqHrqps,both,w
wehFXFA,UnVRYWQ,both,q
wohzyovXpXdyneKw,KPEowFUKgof,both,J
KKIdWebmHdsgQbS,OdEZbOJho,both,s
jMVHzVwGTpPKpeaTHgOv,EjjjrjnnL,both,K
ilAPEAsQjIoenaY,GOPOJJXNPu,both,0
wxPfDgrsIuVOaOtTKS,viXKhVeGMaF,both,F
aoeCgeplTV,rmULnZkLI,both,r
gmDXkZacoHEg,rKfte,both,O
XVQYHzApcZy,xNkdrPDKuqrdjidTf,both,M
JNpGIwSzCacVVDcuRUd,jCcUDFb,both,Z
tRtunqDOqQPYLA,VZddUKwCodqvxWYvL,both,i
ydvNYOzPUFpdyNJ,ZEhhGwgbatpZmJtqsLRy,both,F
tuUyeB,ZwpfHZVmfDQjBuX,both,D
BaeicFbvOttXioAQCrBb,AQNjPtDahz,both,g
LTGyee,vngOyuxDRZ,both,B
TbQjIaEyPEQJIApyiIN,itjtiYTudxPjqBpXNKxk,both,Y
IIgVGbB,fqkOIxGfNaZ,both,)
ngkFfgtmHF,nzPReTVpNbhMMa,both,k
YLoMvUhVxPg,EjaVgSXWx,both,v
ErRwqxkqiqFRPat,rMhUNiUGbvaMFEU,both,A
haEsYldxWW,EfahsAItCo,both,p
WnCxBXvs,OlyueHL,both,F
yuXhUXP,VjfWVsmbcpHlsToOvS,both,6
vldKouIIkKPRiAoMAty,NqzMlKZvATvOpx,both,H
rGyMtzR,VyhnsYzLUhkExNeQEc,both,8
GDUKB,hcNRPszpUbr,both,F
weeuSweuleOTicDpT,ZHjkNx,both,B
VdtvLCtZAJ,ftYMqrTEvjXqfMIVA,both,N
meKLJlKyVAWMox,cDMFEtaNyM,both,V
wzZwyaMrcfSvFKOEqrum,gbZYuoUw,both,3
YOZBBywyGHDW,BjtVcXJmzJWiBXc,both,9
XxXRm,bTlxtbmg,both,v
brdgsPTCXaWlc,TmDjzARN,both,y
RKFyiPAruOZm,BNfui,both,i
LujRi,OJFxOo,both,V
YJMNnOOaUkotAelGtb,oefOJCFg,both,i
ZvdxYoBG,seKQQRuemKhy,both,(
cclUPFeOOiZISWVo,QTLpHzWdssEOq,both,n
iszlaRRVlgjg,QhrtROtARVkdqpDZffK,both,(
uSezUurwNSEwaqqMOEK,byjKWWIZQIjJLPMQW,both,X
APieWbLbCQhVpX,DTGaQy,both,o
IruKr,xaLqjIQMuhpDlGHnR,both,d
prOHeH,jwbWBbXrdeZZzDHEV,both,P
eSXnkmOFuRMrJe,NPGdZQkFGo,both,X
MpXItwmPIHPi,omDZzPRrLD,both,D
NxGiXnaASpLBuZpysA,cQYvsGSUmXRYUpSZlNJ,both,3
YskTBZyknLDfU,cniuctDIBsmf,both,V
xwtNDr,awiTUkbRmnmURRswU,both,x
QNvmBIIwQ,XowhlnKV,both,r
HaQlnUmuoq,HtMukOxahM,both,v
oqjvcbBM,YJsrcEHLwLRDKUiGh,both,e
ARPzTJFeICYuTp,NAPCsAtIWUOlskPiE,both,[
vpBHlSvmutJPeFvKJmrV,RITadUbk,both,w
sdKpwZnTOkeXSHjY,LOIfbddBzc,both,i
pYGbwnZkeAULXhmsR,gEUYv,both,$
WCLsiuH,NdlPYOA,both,N
jWemSFvOsVSCQIFMDtG,ThrYJPbrPeOOdusxTJtK,both,A
ZKcXppb,RkXRFTIJQCTsa,both,]
MdFDHuMMONAEmgzpZHS,UcmBfQWBTDbCJU,both,i
VEkfR,pOgrWxRiydisRgwNAqB,both,)
duPbkmjGni,PMkShxvvNrxmHyfmcTEH,both,A
coxuEPRTrfBcXuQLKdkc,kruygiPXwwT,both,m
JniuhTt,qSRulUTswTxxU,both,p
PUHzeFOWbHEYJfU,jlFFouf,both,J
CkjXTbXNAlA,TYVATlmB,both,W
DuhpVfFx,vyqWtGWkZ,both,n
ZOhSaK,XfOGz,both,N
NtNPkzb,cXvmcXlUKVPcCv,both,q
smWMKeClvbgatkNg,gXlPUley,both,c
reSoPcDCMJeQYn,Osmyyv,both,I
TaBUyTAFQPw,yJkLJXKQXWcaT,both,F
ZzmSCphmKlQdz,cHCkQLKQLlWCGoalmDY,both,G
LQErqdwRruEIJkXPxHu,BHCBIBuxJeg,both,6
yPLWOXLFTkSdeEff,cEVXMos,both,A
nTMVqAGmeVQn,gVhHt,both,5
eKYtYlmbBBDqMaicY,zRsMQznELwPqq,both,2
IhgNBxSwtQEeTBTC,XkYHJYRhagZPU,both,T
EdjYKzvFn,jWiTkygUEODHf,both,c
hZSucueQY,znZkmnpmyPCqENUxb,both,q
BLcSNdAUJcY,RGPQkYClpRqYNFr,both,C
WyBIOmJFN,rJpNgIeOnDdhmJKtcOJ,both,C
WZJtliEkIDHQcQgY,xjIGt,both,t
rlsxYURtpO,FqDEuNg,both,T
KpKrZTt,MDhopsfydzpSw,both,L
ByiUSJGzOZLXtPRvxxxB,ZDEdhSDxrMUMP,both,b
AKCuo,BvIakKUksuzRIDUHQm,both,i
sTuYzhILEigHZS,zNWQyMeXqkmJ,both,W
OHndV,DHgqZzerx,both,6
WulXCRECPkVQgFhMpK,egEVpGfekNgbJxKMqUt,both,F
ZmDvdGBNhismfqm,PPvDbeYgcv,both,V
SZfZQIFBN,gqlPEuEXeo,both,H
GFaiMFkTWHumWSRjW,ixvAyxKhdzgolmmKzbW,both,g
YNZMEyb,koRpoKpQdRReKPicDM,both,r
AISYpVCmsTHcxl,NsFoNNiSAMc,both,X
AbaJPOFRxpAXEZtNf,GDaeFBehvA,both,O
tgDLKiuBnP,OJYvntvpGDfE,both,R
tKLwLAzARKlgQZL,AKNncHMcRBys,both,S
YBPQzOuOkHw,eckoDmxEiP,both,a
UrobDMxFdErazpHEZ,oDTVmYRHg,both,7
xosbbrsz,XifmLUDmVk,both,T
bwkFeziI,ZWZmxU,both,V
aGDphWGLlWXof,hOHlOkL,both,4
OFtudIVzciVMFaGlJ,xFTqXGXjHU,both,R
XpnhkVWbEgTkgJhI,klBMRGQrsZEKr,both,p
mXJgoB,PBywkfFkPi,both,Z
trWLTVQOSv,ktUztdBBlg,both,u
tDtKT,QxKxx,both,J
ofBndhLYghTFSP,KNlhVSLxwWARWITUVwzp,both,G
OxjwkCj,gGSmmNYFbw,both,T
tSwfvdLtyOT,kAuDNeWzUlaYsOWNRd,both,w
vfYKjcusCIgrnzwfvp,MgBfOI,both,H
KYZnCuvrDzsALLYAS,czPtrlfamdTrgfZOAC,both,U
iPXxyk,VJXEuJrfIdBXjSbaHsoT,both,b
YHlgm,dNxdoVzF,both,d
duHDEuIUagHymCg,aQDBIeCaFvmHLh,both,!
BdUArNixFXkhQI,zGfASEkrkoH,both,s
LiYYHbRUkPwBjWeGxXi,RsKdNiJepSIKmqNM,both,7
zHLofzm,cMvzkcoDoM,both,9
saFpoyNmLdUomng,JpOtc,both,4
kBLBOtBalIbX,mZBZOa,both,2
nNCMy,SBvEH,both,5
FOPSws,jzcqHSkDaGoIfNVVD,both,g
AcabphFf,NdoBuuMN,both,d
HPpTYKLhwm,XXjdCueOngwerNkKw,both,i
avQnOS,ylrFKxBMICMGUDqWUr,both,T
NRzextRFCd,KvvXjaSUhNbilfs,both,0
uUyEoUiPDcE,MzrERMPTwhtNtzV,both,d
IkafINMZFYIyofHeNNY,FNVcSszB,both,x
dLvNUYbAWqGjj,CjQAiCvYlNlqhYo,both,s
vEYvhigntymmUiVcgIXM,QtcSFLHrHGz,both,j
cwEGe,zlZfSDQMFNnllOEwj,both,C
FEzuONGzArgLruLpwDLH,OHblcTJkoU,both,N
AXTbFjLRIYtx,vBrJJv,both,V
omxMyjSv,nywpU,both,]
LvnzxWQVirAWtVOOO,VefQct,both,F
CaZZRHtiYEnIzQDWncOQ,JbUYrVElpYWdQGY,both,5
jKKoIoHOanwVeq,nNpQW,both,T
bXoJkSePHvcGMfXaWQ,suHQhPNMfCAfsjdF,both,D
UqYiaixOzUgLXj,CpSrD,both,r
BGZHcorDHaewv,sLKBqwBcJlFLNuJidUVb,both,X
OPiMdr,IENzGQFhSUeOTLqLNS,both,!
ehRmkq,CpgeKbC,both,%
BpvVYAMxAggep,tcJNpVL,both,$
JTByZHInGgEj,bHWKXjWFDiOpGs,both,B
MnFIbeXhraFAWVV,FpjdRHQithC,both,y
CWXWVkRXkR,GZeqBLeKtUtsxOP,both,N
GBFsEyKWGcjw,oYFfeSWUTjyyHHyboWtk,both,E
hRdMKQRZh,lvViBckYyemUHVWFMl,both,Z
IfxiAdRMQRqPsPdMwpz,HDPnBYOei,both,[
JPERrYEYJCrh,dVjOHpFByPqnY,both,X
kHNhfvHGSxdMFIpi,yKBZsHrPAWnEihbClJ,both,m
XyAhQcx,uhHOsTZX,both,A
gsThapkGDKhCJUQ,vZeGKjXLp,both,Q
WWreHTzLV,GgZWiyXxKQSZWSI,both,J
RSCCV,iuFOcBclFubsyF,both,6
xwMjHKavUvSdrrukNrO,GJDUiTAFBeXKAqQNc,both,5
PVqljJKkCzK,RDBBzed,both,Z
adetejzkKYs,sjuZTwontKpmxAIz,both,B
etRgITgOGwnf,XTVjMEdDWKUXqyVbEkY,both,U
PSXZAlFLwyCq,luSYdSMnDrAzrbbAJum,both,c
MDimBvTDQqFcXWzMOZKQ,aFvkPTYokMebIUUytZv,both,W
KVfBQQ,pBTpsrKZH,both,L
UhXqQtUijUSjgCrik,AmcfycXZPpA,both,D
sEnUZvpooE,jLuwvdLeTjGnKdP,both,P
fJNlDwOnDCIsWLHHXNzb,afgRUqxj,both,H
tdaLLbHXctJaeOHTFeEV,xrHxkFEgEQAHSqx,both,R
yaWpzeZZAZiOdhhgLkp,MoWMb,both,T
yvWvJQuZvIe,cErXVJDKpPWsbUxyg,both,#
KJTmJWj,lWazBrbDHpYtcL,both,)
gnWzAEYbDVQZiEGiKEJY,PwMMdklFMJ,both,K
HzhODlny,BKfuvdeQAXYqiIThxt,both,v
PiKjGOnOb,QiZiWtPeDIHfYoqCS,both,Y
InowhrsrCgEvthxJPYuP,XHfIVElpp,both,M
hHPXeCMUCH,uzpTnpDXD,both,v
VlUTaNZxqnwjejKYOV,YSblBUaoSNphX,both,h
OsAHkOipQweWEatWYx,QsFAbCkSTgegx,both,R
oHSctgfyRCGBKryajhqH,HpPMY,both,M
LNZUZ,eonKhinBpMlyPMPK,both,!
DreXpZBGyDXEyR,nfFEzIcsTPxt,both,F
DRCcLVHHvnqYFVk,ssqvtRpBVgkLBnL,both,q
xtqWmLQnjZEfwWw,pGxnbHtQAEXtRsor,both,v